{
    "a": {
        "objectData": {
            "cube": {
                "mesh": "cube",
                "meshNumber": 0,
                "position": [
                    7.300000190734863,
                    0.0,
                    0.0
                ],
                "rotation": [
                    0.0,
                    0.0,
                    0.0
                ],
                "scale": [
                    1.0,
                    1.0,
                    1.0
                ],
                "tag": "Stage",
                "tagNumber": 1
            },
            "cube1": {
                "mesh": "sphere",
                "meshNumber": 1,
                "position": [
                    0.0,
                    5.900000095367432,
                    0.0
                ],
                "rotation": [
                    0.0,
                    0.0,
                    0.0
                ],
                "scale": [
                    1.0,
                    1.0,
                    1.0
                ],
                "tag": "Player",
                "tagNumber": 2
            },
            "cube2": {
                "mesh": "plane",
                "meshNumber": 2,
                "position": [
                    0.0,
                    0.0,
                    10.699999809265137
                ],
                "rotation": [
                    0.0,
                    0.0,
                    0.0
                ],
                "scale": [
                    9.979999542236328,
                    5.070000171661377,
                    1.0399999618530273
                ],
                "tag": "Stage",
                "tagNumber": 1
            },
            "cube3": {
                "mesh": "cube",
                "meshNumber": 0,
                "position": [
                    0.0,
                    -3.299999952316284,
                    0.0
                ],
                "rotation": [
                    0.0,
                    0.0,
                    0.0
                ],
                "scale": [
                    5.360000133514404,
                    1.850000023841858,
                    6.320000171661377
                ],
                "tag": "Stage",
                "tagNumber": 1
            }
        },
        "tags": [
            "None",
            "Stage",
            "Player"
        ]
    }
}
