{
    "a": {
        "aa": {
            "position": [
                4.400000095367432,
                0.0,
                0.0
            ],
            "rotation": [
                0.0,
                0.0,
                0.0
            ],
            "scale": [
                1.0,
                1.0,
                1.0
            ]
        },
        "aa1": {
            "position": [
                0.0,
                0.0,
                0.0
            ],
            "rotation": [
                0.0,
                0.0,
                0.0
            ],
            "scale": [
                1.0,
                1.0,
                1.0
            ]
        },
        "aa2": {
            "position": [
                2.0999999046325684,
                0.0,
                0.0
            ],
            "rotation": [
                0.5,
                0.0,
                0.0
            ],
            "scale": [
                1.0,
                1.0,
                1.0
            ]
        },
        "aa3": {
            "position": [
                3.0999999046325684,
                0.0,
                0.0
            ],
            "rotation": [
                0.0,
                0.8899999856948853,
                0.0
            ],
            "scale": [
                1.0,
                7.639999866485596,
                1.0
            ]
        },
        "cube": {
            "position": [
                0.0,
                5.599999904632568,
                0.0
            ],
            "rotation": [
                0.8399999737739563,
                0.0,
                0.0
            ],
            "scale": [
                3.549999952316284,
                1.0,
                1.0
            ]
        },
        "cube1": {
            "position": [
                8.399999618530273,
                -0.4000000059604645,
                0.0
            ],
            "rotation": [
                0.6899999976158142,
                0.0,
                0.0
            ],
            "scale": [
                1.0,
                1.6299999952316284,
                2.8299999237060547
            ]
        },
        "cube2": {
            "position": [
                15.699999809265137,
                0.0,
                0.0
            ],
            "rotation": [
                0.0,
                0.0,
                0.0
            ],
            "scale": [
                3.190000057220459,
                1.7699999809265137,
                12.600000381469727
            ]
        },
        "cube3": {
            "position": [
                -5.199999809265137,
                0.0,
                0.0
            ],
            "rotation": [
                0.0,
                0.0,
                0.0
            ],
            "scale": [
                1.0,
                1.0,
                1.0
            ]
        },
        "cube4": {
            "position": [
                0.0,
                2.9000000953674316,
                8.600000381469727
            ],
            "rotation": [
                0.0,
                0.0,
                0.0
            ],
            "scale": [
                1.0,
                1.0,
                1.0
            ]
        }
    }
}
