{
    "a": {
        "objectData": {
            "cube": {
                "position": [
                    0.0,
                    4.699999809265137,
                    0.0
                ],
                "rotation": [
                    0.0,
                    0.9599999785423279,
                    0.0
                ],
                "scale": [
                    1.0,
                    1.0,
                    1.0
                ],
                "tag": "None"
            },
            "cube1": {
                "position": [
                    0.0,
                    -3.4000000953674316,
                    0.0
                ],
                "rotation": [
                    0.0,
                    0.0,
                    0.0
                ],
                "scale": [
                    2.609999895095825,
                    0.9599999785423279,
                    7.099999904632568
                ],
                "tag": "None"
            },
            "cube2": {
                "position": [
                    8.100000381469727,
                    0.0,
                    0.0
                ],
                "rotation": [
                    0.0,
                    0.0,
                    0.0
                ],
                "scale": [
                    1.0,
                    3.6600000858306885,
                    6.559999942779541
                ],
                "tag": "None"
            },
            "cube3": {
                "position": [
                    -8.699999809265137,
                    0.0,
                    0.0
                ],
                "rotation": [
                    0.0,
                    0.0,
                    0.0
                ],
                "scale": [
                    1.0,
                    2.799999952316284,
                    4.110000133514404
                ],
                "tag": "AA"
            }
        },
        "tags": [
            "None",
            "AA"
        ]
    }
}
