{
    "b": {
        "ty": {
            "position": [
                4.599999904632568,
                0.0,
                4.599999904632568
            ],
            "rotation": [
                0.0,
                0.7099999785423279,
                0.0
            ],
            "scale": [
                1.0,
                1.5199999809265137,
                1.0
            ]
        }
    }
}
