{
    "marParticle": {
        "ParticleData": {
            "Color": {
                "End": [
                    1.0,
                    1.0,
                    0.0,
                    1.0
                ],
                "Start": [
                    1.0,
                    0.0,
                    0.0,
                    1.0
                ]
            },
            "Instance": 107,
            "IsLoop": true,
            "LifeTime": {
                "All": 60,
                "Max": 60,
                "Min": 60
            },
            "Name": "",
            "Scale": {
                "Delta": -0.019999999552965164,
                "Max": 1.2200000286102295,
                "Min": 0.5400000214576721
            },
            "SpawnPoint": {
                "Max": [
                    7.150000095367432,
                    1.0,
                    1.0
                ],
                "Min": [
                    -4.610000133514404,
                    -1.0,
                    -1.0
                ]
            },
            "Speed": {
                "Delta": [
                    0.0,
                    0.0,
                    0.0
                ],
                "Max": [
                    0.009999999776482582,
                    1.0399999618530273,
                    0.009999999776482582
                ],
                "Min": [
                    -0.009999999776482582,
                    0.1599999964237213,
                    -0.009999999776482582
                ]
            },
            "Texture": "./Resources/particle\\particle5.png"
        }
    }
}
