{
    "marParticle": {
        "ParticleData": {
            "Color": {
                "End": [
                    1.0,
                    1.0,
                    1.0,
                    1.0
                ],
                "Start": [
                    1.0,
                    1.0,
                    1.0,
                    1.0
                ]
            },
            "Instance": 64,
            "IsLoop": true,
            "LifeTime": {
                "All": 60,
                "Max": 41,
                "Min": 20
            },
            "Name": "",
            "Scale": {
                "Delta": -0.019999999552965164,
                "Max": 0.30000001192092896,
                "Min": 0.23000000417232513
            },
            "SpawnPoint": {
                "Max": [
                    2.009999990463257,
                    1.6399999856948853,
                    2.049999952316284
                ],
                "Min": [
                    -2.059999942779541,
                    -0.07000000029802322,
                    -2.069999933242798
                ]
            },
            "Speed": {
                "Delta": [
                    0.0,
                    0.0,
                    0.0
                ],
                "Max": [
                    0.009999999776482582,
                    -0.009999999776482582,
                    0.009999999776482582
                ],
                "Min": [
                    -0.009999999776482582,
                    -0.029999999329447746,
                    -0.019999999552965164
                ]
            },
            "Texture": "./Resources/particle\\particle3.png"
        }
    }
}
