{
    "marScene": {
        "objectData": {
            "a": {
                "mesh": "block",
                "meshNumber": 0,
                "position": [
                    0.0,
                    0.0,
                    0.0
                ],
                "quaternion": [
                    0.0,
                    0.0,
                    0.0,
                    1.0
                ],
                "scale": [
                    0.999750018119812,
                    0.999750018119812,
                    0.999747633934021
                ],
                "tag": "None",
                "tagNumber": 0
            }
        },
        "tags": [
            "None"
        ]
    }
}
