{
    "stage5": {
        "objectData": {
            "block4": {
                "mesh": "block",
                "meshNumber": 0,
                "position": [
                    2.2728192806243896,
                    7.199999809265137,
                    3.114000082015991
                ],
                "quaternion": [
                    -0.2686052620410919,
                    -0.13927951455116272,
                    -0.4387480914592743,
                    0.8461397886276245
                ],
                "scale": [
                    3.976249933242798,
                    3.080000638961792,
                    2.441298246383667
                ],
                "tag": "block",
                "tagNumber": 2
            },
            "block5": {
                "mesh": "block",
                "meshNumber": 0,
                "position": [
                    10.0,
                    2.0,
                    10.0
                ],
                "quaternion": [
                    0.0,
                    0.0,
                    0.0,
                    1.0
                ],
                "scale": [
                    1.0,
                    1.0,
                    1.0
                ],
                "tag": "block",
                "tagNumber": 2
            },
            "block6": {
                "mesh": "block",
                "meshNumber": 0,
                "position": [
                    -2.0,
                    2.0,
                    10.0
                ],
                "quaternion": [
                    0.0,
                    0.0,
                    0.0,
                    1.0
                ],
                "scale": [
                    1.0,
                    1.0,
                    1.0
                ],
                "tag": "block",
                "tagNumber": 2
            },
            "block7": {
                "mesh": "block",
                "meshNumber": 0,
                "position": [
                    -4.0,
                    2.0,
                    10.0
                ],
                "quaternion": [
                    0.0,
                    0.0,
                    0.0,
                    1.0
                ],
                "scale": [
                    1.0,
                    1.0,
                    1.0
                ],
                "tag": "block",
                "tagNumber": 2
            },
            "goal": {
                "mesh": "goal",
                "meshNumber": 2,
                "position": [
                    8.0,
                    2.0,
                    0.0
                ],
                "quaternion": [
                    0.0,
                    0.0,
                    0.0,
                    1.0
                ],
                "scale": [
                    1.0,
                    1.0,
                    1.0
                ],
                "tag": "goal_red",
                "tagNumber": 10
            },
            "goal1": {
                "mesh": "goal",
                "meshNumber": 2,
                "position": [
                    6.0,
                    2.0,
                    4.0
                ],
                "quaternion": [
                    0.0,
                    0.0,
                    0.0,
                    1.0
                ],
                "scale": [
                    1.0,
                    1.0,
                    1.0
                ],
                "tag": "goal_green",
                "tagNumber": 9
            },
            "goal2": {
                "mesh": "goal",
                "meshNumber": 2,
                "position": [
                    1.8863762617111206,
                    10.550002098083496,
                    -5.413600444793701
                ],
                "quaternion": [
                    0.0,
                    0.0,
                    0.0,
                    1.0
                ],
                "scale": [
                    1.0,
                    1.0,
                    1.0
                ],
                "tag": "goal_blue",
                "tagNumber": 8
            },
            "moveblock": {
                "mesh": "block",
                "meshNumber": 0,
                "position": [
                    0.0,
                    2.0,
                    0.0
                ],
                "quaternion": [
                    0.0,
                    0.0,
                    0.0,
                    1.0
                ],
                "scale": [
                    1.0,
                    1.0,
                    1.0
                ],
                "tag": "block_red",
                "tagNumber": 3
            },
            "moveblock1": {
                "mesh": "block",
                "meshNumber": 0,
                "position": [
                    0.0,
                    2.0,
                    4.0
                ],
                "quaternion": [
                    0.0,
                    0.0,
                    0.0,
                    1.0
                ],
                "scale": [
                    1.0,
                    1.0,
                    1.0
                ],
                "tag": "block_green",
                "tagNumber": 4
            },
            "moveblock2": {
                "mesh": "block",
                "meshNumber": 0,
                "position": [
                    0.0,
                    2.0,
                    -4.0
                ],
                "quaternion": [
                    0.0,
                    0.0,
                    0.0,
                    1.0
                ],
                "scale": [
                    1.0,
                    1.0,
                    1.0
                ],
                "tag": "block_blue",
                "tagNumber": 5
            },
            "player": {
                "mesh": "player",
                "meshNumber": 4,
                "position": [
                    -4.0,
                    2.0,
                    0.0
                ],
                "quaternion": [
                    0.28703704476356506,
                    0.5227333307266235,
                    -0.14711663126945496,
                    0.7891237735748291
                ],
                "scale": [
                    0.9734743237495422,
                    0.6743958592414856,
                    0.4317215085029602
                ],
                "tag": "player",
                "tagNumber": 1
            },
            "stage": {
                "mesh": "block",
                "meshNumber": 0,
                "position": [
                    0.0,
                    0.0,
                    0.0
                ],
                "quaternion": [
                    0.0,
                    0.0,
                    0.0,
                    1.0
                ],
                "scale": [
                    11.0,
                    1.0,
                    11.0
                ],
                "tag": "block",
                "tagNumber": 2
            }
        },
        "tags": [
            "None",
            "player",
            "block",
            "block_red",
            "block_green",
            "block_blue",
            "block_yellow",
            "goal_yellow",
            "goal_blue",
            "goal_green",
            "goal_red"
        ]
    }
}
