{
    "marScene": {
        "objectData": {
            "ghostBox": {
                "color": 1,
                "position": [
                    10.0,
                    -2.0,
                    2.384185791015625e-07
                ],
                "quaternion": [
                    0.0,
                    0.0,
                    0.0,
                    1.0
                ],
                "scale": [
                    5.0,
                    1.0,
                    5.0
                ],
                "tag": "ghostBox"
            },
            "ghostBox1": {
                "color": 0,
                "position": [
                    0.0,
                    -2.0,
                    2.384185791015625e-07
                ],
                "quaternion": [
                    0.0,
                    0.0,
                    0.0,
                    1.0
                ],
                "scale": [
                    5.0,
                    1.0,
                    5.0
                ],
                "tag": "ghostBox"
            },
            "ghostBox2": {
                "color": 0,
                "position": [
                    20.0,
                    -2.0,
                    2.384185791015625e-07
                ],
                "quaternion": [
                    0.0,
                    0.0,
                    0.0,
                    1.0
                ],
                "scale": [
                    5.0,
                    1.0,
                    5.0
                ],
                "tag": "ghostBox"
            },
            "ghostBox3": {
                "color": 0,
                "position": [
                    0.0,
                    -2.0,
                    2.384185791015625e-07
                ],
                "quaternion": [
                    0.0,
                    0.0,
                    0.0,
                    1.0
                ],
                "scale": [
                    5.0,
                    1.0,
                    5.0
                ],
                "tag": "ghostBox"
            },
            "goal": {
                "color": 0,
                "position": [
                    10.0,
                    0.0,
                    0.0
                ],
                "quaternion": [
                    0.0,
                    0.0,
                    0.0,
                    1.0
                ],
                "scale": [
                    1.0,
                    1.0,
                    1.0
                ],
                "tag": "goal"
            },
            "paint": {
                "color": 1,
                "position": [
                    -3.699418306350708,
                    0.0,
                    0.0
                ],
                "quaternion": [
                    0.0,
                    0.0,
                    0.0,
                    1.0
                ],
                "scale": [
                    1.0,
                    1.0,
                    1.0
                ],
                "tag": "paint"
            },
            "paint1": {
                "color": 0,
                "position": [
                    20.113435745239258,
                    0.0,
                    0.0
                ],
                "quaternion": [
                    0.0,
                    0.0,
                    0.0,
                    1.0
                ],
                "scale": [
                    1.0,
                    1.0,
                    1.0
                ],
                "tag": "paint"
            },
            "player": {
                "color": 0,
                "position": [
                    0.0,
                    0.0,
                    0.0
                ],
                "quaternion": [
                    -0.7068251967430115,
                    0.0,
                    0.0,
                    0.7073882222175598
                ],
                "scale": [
                    1.0,
                    0.9998276829719543,
                    0.9998276829719543
                ],
                "tag": "player"
            },
            "switch": {
                "color": 1,
                "position": [
                    4.0,
                    0.0,
                    0.0
                ],
                "quaternion": [
                    0.0,
                    0.0,
                    0.0,
                    1.0
                ],
                "scale": [
                    1.0,
                    1.0,
                    1.0
                ],
                "tag": "switch"
            }
        }
    }
}
