{
    "marScene": {
        "objectData": {
            "block": {
                "color": 0,
                "position": [
                    15.0,
                    -2.0,
                    0.0
                ],
                "quaternion": [
                    0.0,
                    0.0,
                    0.0,
                    1.0
                ],
                "scale": [
                    20.0,
                    1.0,
                    10.0
                ],
                "tag": "block"
            },
            "ghostBox": {
                "color": 0,
                "position": [
                    15.0,
                    0.0,
                    0.0
                ],
                "quaternion": [
                    0.0,
                    0.0,
                    0.0,
                    1.0
                ],
                "scale": [
                    1.0,
                    1.0,
                    10.0
                ],
                "tag": "ghostBox"
            },
            "goal": {
                "color": 0,
                "position": [
                    30.0,
                    0.0,
                    0.0
                ],
                "quaternion": [
                    0.0,
                    0.0,
                    0.0,
                    1.0
                ],
                "scale": [
                    1.0,
                    1.0,
                    1.0
                ],
                "tag": "goal"
            },
            "paint": {
                "color": 0,
                "position": [
                    20.0,
                    0.0,
                    0.0
                ],
                "quaternion": [
                    0.0,
                    0.0,
                    0.0,
                    1.0
                ],
                "scale": [
                    1.0,
                    1.0,
                    1.0
                ],
                "tag": "paint"
            },
            "player": {
                "color": 0,
                "position": [
                    0.0,
                    0.0,
                    0.0
                ],
                "quaternion": [
                    -0.7068251967430115,
                    0.0,
                    0.0,
                    0.7073882222175598
                ],
                "scale": [
                    1.0,
                    0.9998276829719543,
                    0.9998276829719543
                ],
                "tag": "player"
            },
            "switch": {
                "color": 0,
                "position": [
                    5.0,
                    0.0,
                    5.0
                ],
                "quaternion": [
                    0.0,
                    0.0,
                    0.0,
                    1.0
                ],
                "scale": [
                    1.0,
                    1.0,
                    1.0
                ],
                "tag": "switch"
            },
            "switch1": {
                "color": 1,
                "position": [
                    5.0,
                    0.0,
                    -5.0
                ],
                "quaternion": [
                    0.0,
                    0.0,
                    0.0,
                    1.0
                ],
                "scale": [
                    1.0,
                    1.0,
                    1.0
                ],
                "tag": "switch"
            }
        }
    }
}
