{
    "marScene": {
        "objectData": {
            "block": {
                "position": [
                    -10.0,
                    5.0,
                    -10.0
                ],
                "quaternion": [
                    0.0,
                    0.0,
                    0.0,
                    1.0
                ],
                "scale": [
                    10.0,
                    1.0,
                    10.0
                ],
                "tag": "block"
            },
            "block1": {
                "position": [
                    10.0,
                    5.0,
                    10.0
                ],
                "quaternion": [
                    0.0,
                    0.0,
                    0.0,
                    1.0
                ],
                "scale": [
                    10.0,
                    1.0,
                    10.0
                ],
                "tag": "block"
            },
            "block2": {
                "position": [
                    23.147260665893555,
                    8.0,
                    -40.935298919677734
                ],
                "quaternion": [
                    0.0,
                    0.0,
                    0.0,
                    1.0
                ],
                "scale": [
                    10.0,
                    5.0,
                    5.0
                ],
                "tag": "block"
            },
            "block3": {
                "position": [
                    66.6695327758789,
                    1.134697437286377,
                    0.0
                ],
                "quaternion": [
                    0.0,
                    0.0,
                    0.0,
                    1.0
                ],
                "scale": [
                    5.0,
                    5.0,
                    5.0
                ],
                "tag": "block"
            },
            "block4": {
                "position": [
                    22.675491333007813,
                    4.015368461608887,
                    -15.220564842224121
                ],
                "quaternion": [
                    0.0,
                    0.0,
                    0.0,
                    1.0
                ],
                "scale": [
                    1.0,
                    1.0,
                    1.0
                ],
                "tag": "block"
            },
            "block5": {
                "position": [
                    0.0,
                    -2.0,
                    0.0
                ],
                "quaternion": [
                    0.0,
                    0.0,
                    0.0,
                    1.0
                ],
                "scale": [
                    20.0,
                    1.0,
                    20.0
                ],
                "tag": "block"
            },
            "block6": {
                "position": [
                    40.0,
                    -2.0,
                    0.0
                ],
                "quaternion": [
                    0.0,
                    0.0,
                    0.0,
                    1.0
                ],
                "scale": [
                    20.0,
                    1.0,
                    20.0
                ],
                "tag": "block"
            },
            "block7": {
                "position": [
                    20.0,
                    -2.0,
                    -40.0
                ],
                "quaternion": [
                    0.0,
                    0.0,
                    0.0,
                    1.0
                ],
                "scale": [
                    40.0,
                    1.0,
                    20.0
                ],
                "tag": "block"
            },
            "goal": {
                "position": [
                    22.983463287353516,
                    0.0,
                    -6.206907272338867
                ],
                "quaternion": [
                    0.0,
                    0.0,
                    0.0,
                    1.0
                ],
                "scale": [
                    1.0,
                    1.0,
                    1.0
                ],
                "tag": "goal"
            },
            "moveBox": {
                "position": [
                    40.0,
                    4.0,
                    -14.626564025878906
                ],
                "quaternion": [
                    0.0,
                    0.0,
                    0.0,
                    1.0
                ],
                "scale": [
                    5.0,
                    5.0,
                    5.0
                ],
                "tag": "moveBox"
            },
            "moveBox1": {
                "position": [
                    40.0,
                    1.0,
                    0.0
                ],
                "quaternion": [
                    0.0,
                    0.0,
                    0.0,
                    1.0
                ],
                "scale": [
                    2.0,
                    2.0,
                    4.0
                ],
                "tag": "moveBox"
            },
            "player": {
                "position": [
                    -9.3499174118042,
                    9.670217514038086,
                    -10.88780403137207
                ],
                "quaternion": [
                    0.0,
                    0.0,
                    0.0,
                    1.0
                ],
                "scale": [
                    1.0,
                    1.0,
                    1.0
                ],
                "tag": "player"
            },
            "ring": {
                "position": [
                    -3.151249408721924,
                    0.30000001192092896,
                    5.10780668258667
                ],
                "quaternion": [
                    0.0,
                    0.0,
                    0.0,
                    1.0
                ],
                "scale": [
                    1.0,
                    1.0,
                    1.0
                ],
                "tag": "ring"
            },
            "ring1": {
                "position": [
                    0.38324081897735596,
                    0.30000001192092896,
                    5.10780668258667
                ],
                "quaternion": [
                    0.0,
                    0.0,
                    0.0,
                    1.0
                ],
                "scale": [
                    1.0,
                    1.0,
                    1.0
                ],
                "tag": "ring"
            },
            "ring2": {
                "position": [
                    5.382999897003174,
                    0.30000001192092896,
                    5.10780668258667
                ],
                "quaternion": [
                    0.0,
                    0.0,
                    0.0,
                    1.0
                ],
                "scale": [
                    1.0,
                    1.0,
                    1.0
                ],
                "tag": "ring"
            }
        }
    }
}
